{
  "courses": [
    {
      "id": 1,
      "name": "Web Development Fundamentals",
      "description": "Learn the basics of web development and build your own websites."
    },
    {
      "id": 2,
      "name": "Introduction to Data Science",
      "description": "Get started with data science and explore the power of data analysis."
    },
    {
      "id": 3,
      "name": "Mobile App Development with React Native",
      "description": "Build native mobile apps for iOS and Android using React Native."
    },
    {
      "id": 4,
      "name": "Python Programming for Beginners",
      "description": "Learn Python programming from scratch and build your first programs."
    },
    {
      "id": 5,
      "name": "Artificial Intelligence Essentials",
      "description": "Discover the foundations of artificial intelligence and its applications."
    },
    {
      "id": 6,
      "name": "Database Management with SQL",
      "description": "Master SQL and learn how to design and manage databases efficiently."
    },
    {
      "id": 7,
      "name": "UI/UX Design Principles",
      "description": "Learn the principles of user interface and user experience design."
    },
    {
      "id": 8,
      "name": "JavaScript Advanced Techniques",
      "description": "Dive deep into advanced JavaScript concepts and techniques."
    },
    {
      "id": 9,
      "name": "Cybersecurity Fundamentals",
      "description": "Understand the basics of cybersecurity and protect against common threats."
    },
    {
      "id": 10,
      "name": "Data Analysis with Pandas",
      "description": "Explore data analysis using the Pandas library in Python."
    },
    {
      "id": 11,
      "name": "Introduction to Machine Learning",
      "description": "Get introduced to machine learning algorithms and their applications."
    },
    {
      "id": 12,
      "name": "Front-End Web Development with Vue.js",
      "description": "Learn Vue.js and build dynamic and interactive web applications."
    },
    {
      "id": 13,
      "name": "Digital Marketing Strategies",
      "description": "Discover effective strategies for digital marketing and online advertising."
    },
    {
      "id": 14,
      "name": "Mobile Game Development with Unity",
      "description": "Create mobile games using the Unity game development engine."
    },
    {
      "id": 15,
      "name": "Full-Stack Web Development with Node.js",
      "description": "Become a full-stack web developer using the Node.js framework."
    },
    {
      "id": 16,
      "name": "Data Visualization with D3.js",
      "description": "Learn how to create interactive data visualizations using D3.js."
    },
    {
      "id": 17,
      "name": "Cloud Computing Fundamentals",
      "description": "Explore the basics of cloud computing and cloud infrastructure."
    },
    {
      "id": 18,
      "name": "Android App Development with Kotlin",
      "description": "Build Android apps using the Kotlin programming language."
    },
    {
      "id": 19,
      "name": "Responsive Web Design",
      "description": "Learn how to create responsive web designs that work across devices."
    },
    {
      "id": 20,
      "name": "Machine Learning in Python",
      "description": "Master machine learning algorithms and techniques using Python."
    },
    {
      "id": 21,
      "name": "Agile Project Management",
      "description": "Learn the principles and practices of agile project management."
    },
    {
      "id": 22,
      "name": "Data Structures and Algorithms",
      "description": "Understand fundamental data structures and algorithms for efficient programming."
    },
    {
      "id": 23,
      "name": "Blockchain Technology Explained",
      "description": "Discover the fundamentals of blockchain technology and its applications."
    },
    {
      "id": 24,
      "name": "Social Media Marketing Strategies",
      "description": "Master social media marketing techniques to reach and engage your audience."
    },
    {
      "id": 25,
      "name": "Python Web Scraping",
      "description": "Learn how to extract data from websites using Python web scraping techniques."
    },
    {
      "id": 26,
      "name": "Introduction to Computer Networking",
      "description": "Get introduced to computer networking concepts and network protocols."
    },
    {
      "id": 27,
      "name": "iOS App Development with Swift",
      "description": "Build iOS apps using the Swift programming language and Apple's development tools."
    },
    {
      "id": 28,
      "name": "Data Analysis with R",
      "description": "Explore data analysis and statistical modeling using the R programming language."
    },
    {
      "id": 29,
      "name": "Web Design for Beginners",
      "description": "Learn the basics of web design and create visually appealing websites."
    },
    {
      "id": 30,
      "name": "Introduction to Cloud Computing",
      "description": "Understand the concepts and benefits of cloud computing services."
    }
  ]
}
